#FF0033,1 -- 9/ 2869 -- 2877,X
#808080,10 -- 12,X
#8B4513,13 -- 30/ 484 -- 485,X
#339933,Not Present,
#339933,31 -- 32/ 484 -- 485,X
#FF0033,33 -- 44/ 444 -- 458,X
#CDAD00,45 -- 47/ 155 --157,X
#3399FF,48 -- 55/ 112 -- 118,X
#FF0033,56 -- 69,X
#808080,70 -- 73,X
#3300FF,74 -- 111,X
#CDAD00,119 -- 128,X
#339933,129 -- 142,X
#8B4513,143 -- 154,X
#991EFF,158 -- 192,X
#808080,193 -- 198,X
#FF6600,199 -- 209,X
#3399FF,210 -- 241,X
#8B4513,242 -- 245/ 437 -- 443,X
#339933,246 -- 248,X
#FF0033,302 -- 309/ 351 -- 361,X
#808080,310 -- 311,X
#CDAD00,312 -- 329,X
#339933,330 -- 334,X
#3399FF,335 -- 350,X
#808080,Not Present,
#991EFF,Not Present,
#3300FF,387 -- 415,X
#CDAD00,416 -- 436,X
#3399FF,459 -- 467,X
#CDAD00,468 -- 483,X
#3300FF,486 -- 493,X
#991EFF,494 -- 507,X
#808080,Not Present,
,508 -- 519,X
,537 -- 543,X
,,X
#339933,544 -- 570,X
#991EFF,571 -- 587,X
#3399FF,588 -- 595/ 1264 -- 1274,X
#808080,596,X
#FF0033,597 -- 613/ 668 -- 683,X
#CDAD00,614 -- 637,X
#3300FF,638 -- 648,X
#FF6600,Not Present,X
#8B4513,Not Present,X
#339933,649 -- 663,X
#991EFF,Not Present,
#808080,664 -- 667,X
#FF6600,684 -- 697/ 807 -- 823,X
#339933,698 -- 711/ 775 -- 787,X
#FF0033,712 -- 747,X
#3399FF,748 -- 774,X
#991EFF,788 -- 806,X
#808080,824,X
#CDAD00,824 -- 834/ 1199 -- 1209,X
#339933,835 -- 848,X
#3399FF,849 -- 954,X
#808080,955 -- 956,X
#FF6600,Not Present,
#3399FF,,
#8B4513,957 -- 984,X
#3399FF,985 -- 1001,X
#8B4513,1002 -- 1030/ 1153 -- 1174,X
#3300FF,Not Present,
#3399FF,Not Present,
#CDAD00,1031 -- 1036/ 1145 -- 1151,X
#808080,1037,X
#339933,1038 -- 1067/ 1114 -- 1137,X
#FF6600,Not Present,
#CDAD00,1068 -- 1092,X
#FF0033,1093 -- 1097,X
#991EFF,1098 -- 1113,X
#808080,1138 -- 1144,X
#808080,1152,X
#FF0033,1175 -- 1198,X
#3300FF,1210 -- 1263,X
,,
#FF0033,1275 -- 1283/ 1993 -- 2000,X
,,
#808080,1284 -- 1288,X
#CDAD00,1289 -- 1307,X
#339933,1308 -- 1312/ 1657 -- 1662,X
#FF6600,1313 -- 1320/ 1638 -- 1642,X
#3300FF,1321 -- 1326/ 1619 -- 1621,X
#8B4513,1327 -- 1352,X
#808080,1353 -- 1354,X
#FF0033,1355 -- 1362/ 1614 -- 1618,X
#3300FF,1363 -- 1396,X
#CDAD00,1397 -- 1417,X
#3399FF,1418 -- 1442/ 1585 -- 1613,X
#FF6600,1443 -- 1458/ 1563 -- 1584,X
#8B4513,Not Present,
#CDAD00,Not Present,
#3300FF,1459 -- 1481,X
#339933,1482 -- 1541,X
#991EFF,1542 -- 1562,X
#3399FF,1622 -- 1637,X
#991EFF,1643 -- 1656,X
,,
#808080,1663 -- 1664,X
#8B4513,1665 -- 1691/ 1973 -- 1992,X
#808080,1692 -- 1698,X
#FF0033,1699 -- 1723,X
#FF6600,1724 --1742,X
#3300FF,1743 -- 1747,X
#CDAD00,1748 -- 1753,X
#808080,1754,X
#339933,1755 -- 1763/ 1961 -- 1972,X
#3399FF,1764 -- 1781,X
#991EFF,1782 -- 1820,X
#CDAD00,1821 -- 1826/ 1953 -- 1960,X
#FF0033,1827 -- 1888,X
#339933,No data,
#991EFF,1909 -- 1912,X
#3399FF,1913 -- 1917/ 1947 -- 1952,X
#808080,1918 -- 1927/ 1945 -- 1946,X
#8B4513,1928 -- 1944,X
,,
#CDAD00,2001 -- 2005,X
#FF0033,2006 -- 2025,X
#3399FF,2026 -- 2037/ 2593 -- 2608,X
#808080,2038 -- 2043/ 2588 -- 2592,X
#339933,2044 -- 2058/ 2413 -- 2430,X
#CDAD00,2059 -- 2075/ 2205 -- 2224,X
#3399FF,2076 -- 2090/ 2165 -- 2179,X
#FF6600,No Data,
#339933,No Data,
#991EFF,No Data,
#FF0033,2180 -- 2204,X
#FF0033,2225 -- 2237,X
#339933,2238 -- 2261,X
,,X
#CDAD00,2262 -- 2265/ 2362 -- 2368,X
#808080,Not Present,
#FF0033,2266 -- 2275/ 2314 -- 2323,X
#339933,2276 -- 2300,X
#FF6600,Not Present,
#991EFF,2301 -- 2311,X
#808080,2312 -- 2313,X
#3399FF,2324 -- 2350,X
#8B4513,2351 -- 2360,X
#808080,2361,X
#808080,2369,X
#FF6600,2370 -- 2408,X
#808080,2409 --2412,X
#3399FF,2431 -- 2438,X
#808080,2484 -- 2485,X
#CDAD00,2486 -- 2496/ 2546 -- 2564,X
#808080,2497,X
#FF6600,2498 -- 2525,X
#FF0033,2526 -- 2540,X
#991EFF,2541 -- 2545,X
#991EFF,2565 -- 2587,X
,,
#808080,,
#CDAD00,2609 -- 2624/ 2751 -- 2770,X
#339933,2625 -- 2653,X
#FF0033,2654 -- 2712,X
#CDAD00,Not Present,
#339933,Not Present,
#3399FF,2713 -- 2750,X
#339933,2771 -- 2777,X
,2778 -- 2779,
#339933,2780 -- 2782,
#FF6600,2782 -- 2789/ 2859 -- 2867,X
#991EFF,2790 -- 2806,X
#3399FF,2807 -- 2858,X
#808080,2868,X
#FF0033,1 -- 9/ 2869 -- 2877,X
#CDAD00,2 -- 123,Y
,,
,,
,,
,,
,,
,,
,,
,,
,,
,,
,,
,,
,,
,,
,,
,,
,,
,,
,,
,,
,,
,,
,,
,,
,,
,,
,,
,,
,,
,,
,,
,,
,,
,,
,,
,,
,,
,,
,,
,,
,,
,,
,,
,,
,,
,,
,,
,,
,,
,,
,,
,,
,,
,,
,,
,,
,,
,,
,,
,,
,,
,,
,,
,,
,,
,,
,,
,,
,,
,,
,,
,,
,,
,,
,,
,,
,,
,,
,,
,,
,,
,,
,,
,,
,,
,,
,,
,,
,,
,,
,,
,,
,,
,,
,,
,,
,,
,,
,,
,,
,,
,,
,,
,,
,,
,,
,,
,,
,,
,,
,,
,,
,,
,,
,,
,,
,,
,,
,,
,,
,,
,,
,,
,,
,,
,,
,,
,,
,,
,,
,,
,,
,,
,,
,,
,,
,,
,,
,,
,,
,,
,,
,,
,,
,,
,,
,,
,,
,,
,,
,,
,,
,,
,,
,,
,,
,,
,,
,,
,,
,,
,,
,,
,,
,,
,,
,,
,,
,,
,,
,,
,,
,,
,,
,,
,,
,,
,,
,,
,,
,,
,,
,,
,,
,,
,,
,,
,,
,,
,,
,,
,,
,,
,,
,,
,,
,,
,,
,,
,,
,,
,,
,,
,,
,,
,,
,,
,,
,,
,,
,,
,,
,,
,,
,,
,,
,,
,,
,,
,,
,,
,,
,,
,,
,,
,,
,,
,,
,,
,,
,,
,,
,,
,,
,,
,,
,,
,,
,,
,,
,,
,,
,,
,,
,,
,,
,,
,,
,,
,,
,,
,,
,,
,,
,,
,,
,,
,,
,,
,,
,,
,,
,,
,,
,,
,,
,,
,,
,,
,,
,,
,,
,,
,,
,,
,,
,,
,,
,,
,,
,,
,,
,,
,,
,,
,,
,,
,,
,,
,,
,,
,,
,,
,,
,,
,,
,,
,,
,,
,,
,,
,,
,,
,,
,,
,,
,,
,,
,,
,,
,,
,,
,,
,,
,,
,,
,,
,,
,,
,,
,,
,,
,,
,,
,,
,,
,,
,,
,,
,,
,,
,,
,,
,,
,,
,,
,,
,,
,,
,,
,,
,,
,,
,,
,,
,,
,,
,,
,,
,,
,,
,,
,,
,,
,,
,,
,,
,,
,,
,,
,,
,,
,,
,,
,,
,,
,,
,,
,,
,,
,,
,,
,,
,,
,,
,,
,,
,,
,,
,,
,,
,,
,,
,,
,,
,,
,,
,,
,,
,,
,,
,,
,,
,,
,,
,,
,,
,,
,,
,,
,,
,,
,,
,,
,,
,,
,,
,,
,,
,,
,,
,,
,,
,,
,,
,,
,,
,,
,,
,,
,,
,,
,,
,,
,,
,,
,,
,,
,,
,,
,,
,,
,,
,,
,,
,,
,,
,,
,,
,,
,,
,,
,,
,,
,,
,,
,,
,,
,,
,,
,,
,,
,,
,,
,,
,,
,,
,,
,,
,,
,,
,,
,,
,,
,,
,,
,,
,,
,,
,,
,,
,,
,,
,,
,,
,,
,,
,,
,,
,,
,,
,,
,,
,,
,,
,,
,,
,,
,,
,,
,,
,,
,,
,,
,,
,,
,,
,,
,,
,,
,,
,,
,,
,,
,,
,,
,,
,,
,,
,,
,,
,,
,,
,,
,,
,,
,,
,,
,,
,,
,,
,,
,,
,,
,,
,,
,,
,,
,,
,,
,,
,,
,,
,,
,,
,,
,,
,,
,,
,,
,,
,,
,,
,,
,,
,,
,,
,,
,,
,,
,,
,,
,,
,,
,,
,,
,,
,,
,,
,,
,,
,,
,,
,,
,,
,,
,,
,,
,,
,,
,,
,,
,,
,,
,,
,,
,,
,,
,,
,,
,,
,,
,,
,,
,,
,,
,,
,,
,,
,,
,,
,,
,,
,,
,,
,,
,,
,,
,,
,,
,,
,,
,,
,,
,,
,,
,,
,,
,,
,,
,,
,,
,,
,,
,,
,,
,,
,,
,,
,,
,,
,,
,,
,,
,,
,,
,,
,,
,,
,,
,,
,,
,,
,,
,,
,,
,,
,,
,,
,,
,,
,,
,,
,,
,,
,,
,,
,,
,,
,,
,,
,,
,,
,,
,,
,,
,,
,,
,,
,,
,,
,,
,,
,,
,,
,,
,,
,,
,,
,,
,,
,,
,,
,,
,,
,,
,,
,,
,,
,,
,,
,,
,,
,,
,,
,,
,,
,,
,,
,,
,,
,,
,,
,,
,,
,,
,,
,,
,,
,,
,,
,,
,,
,,
,,
,,
,,
,,
,,
,,
,,
,,
,,
,,
,,
,,
,,
,,
,,
,,
,,
,,
,,
,,
,,
,,
,,
,,
,,
,,
,,
,,
,,
,,
,,
,,
,,
,,
,,
,,
,,
,,
,,
,,
,,
,,
,,
,,
,,
,,
,,
,,
,,
,,
,,
,,
,,
,,
,,
,,
,,
,,
,,
,,
,,
,,
,,
,,
,,
,,
,,
,,
,,
,,
,,
,,
,,
,,
,,
,,
,,
,,
,,
,,
,,
,,
,,
,,
,,
,,
,,
,,
,,
,,
,,
,,
,,
,,
,,
,,
,,
,,
,,
,,
,,
,,
,,
,,
,,
,,
,,
,,
,,
,,
,,
,,
,,
,,
,,
,,
,,
,,
,,
,,
,,
,,
,,
,,
,,
,,
,,
,,
,,
,,
,,
,,
,,
,,
,,
,,
,,
,,
,,
,,
,,
,,
,,
,,
,,
,,
,,
,,
,,
,,
,,
,,
,,
,,
,,
,,
,,
,,
,,
,,
,,
,,
,,
,,
,,
,,
,,
,,
,,
,,
,,
,,
,,
,,
,,
,,
,,
,,
,,
,,
,,
,,
,,
,,
,,
,,
,,
,,
,,
,,
,,
,,
,,
,,
,,
,,
,,
,,
,,
,,
,,
,,
,,
,,
,,
,,
,,
,,
,,
,,
,,
,,
,,
,,
,,
,,
,,
,,
,,
,,
,,
,,
,,
,,
,,
,,
,,
,,
,,
,,
,,
,,
,,
,,
,,
,,
